First name,Last name,Birthday,Email,Phone number,Maried
Rosita,Beckhouse,10-Feb-1999,rbeckhouse0@comsenz.com,664-534-1886,true
Colan,Chasmor,22-Jun-2008,cchasmor1@slashdot.org,593-609-8856,true
Dev,Lindenberg,02-Mar-1983,dlindenberg2@google.ru,468-711-5455,false
Joana,Nevill,16-Nov-2005,jnevill3@umn.edu,865-706-4521,true
Aurelie,Slafford,28-May-1984,aslafford4@yellowbook.com,638-670-1160,false
Ashton,Plowell,25-Nov-1985,aplowell5@hexun.com,493-512-8979,true
Easter,Jellico,06-May-2005,ejellico6@dedecms.com,442-218-7224,false
Brandyn,Marie,01-Jun-2016,bmarie7@walmart.com,690-190-2003,true
Angelle,Polin,11-Nov-1997,apolin8@e-recht24.de,728-785-2634,true
Olin,Such,05-Mar-2004,osuch9@tinyurl.com,736-447-6129,false
Janene,Behr,25-Aug-1983,jbehra@princeton.edu,108-958-7421,false
Olga,Goodayle,11-Aug-2005,ogoodayleb@google.co.uk,926-625-4225,true
Humfrid,Howsley,02-Nov-2015,hhowsleyc@ihg.com,871-578-1876,false
Valery,Perdue,20-Dec-2012,vperdued@latimes.com,583-551-8638,false
Valina,Kirsopp,06-Oct-1987,vkirsoppe@chron.com,872-773-3766,false
Flory,Abbet,13-May-1982,fabbetf@xing.com,248-791-1877,true
Harper,Finby,21-Sep-1991,hfinbyg@vinaora.com,303-355-8446,false
Katti,Fullalove,30-May-1990,kfullaloveh@bandcamp.com,781-952-9045,true
Karry,Gleed,05-Apr-1988,kgleedi@wordpress.com,575-921-7338,true
Calypso,Blondelle,15-Sep-1980,cblondellej@berkeley.edu,750-570-3792,false
Donnie,Bootton,17-Nov-2005,dboottonk@usatoday.com,839-339-7421,true
Dorian,Chinnery,05-May-1980,dchinneryl@goodreads.com,746-735-1587,false
Liz,Ferrillo,30-Mar-1995,lferrillom@youtube.com,546-685-5782,true
Hy,Piecha,17-Nov-2011,hpiechan@upenn.edu,685-960-5028,false
Nelle,Meynell,06-Dec-2005,nmeynello@oaic.gov.au,513-476-6723,true
Rhodie,Chang,22-Dec-1994,rchangp@gravatar.com,324-693-9962,true
Oates,Bellie,01-Oct-2010,obellieq@wix.com,307-638-2560,false
Grantley,Langford,25-Dec-1983,glangfordr@furl.net,176-161-6141,false
Hamil,Kersaw,19-Mar-2017,hkersaws@ehow.com,239-473-5491,false
Rip,Pelchat,21-May-1998,rpelchatt@blogtalkradio.com,406-807-4884,true
Harald,Starrs,24-Jan-2010,hstarrsu@hugedomains.com,191-209-3888,false
Christel,Braybrook,01-Sep-2010,cbraybrookv@joomla.org,448-297-2883,true
Tobin,Riach,22-Mar-2014,triachw@yellowbook.com,870-729-1876,true
Bail,Bedbury,23-Jul-1995,bbedburyx@apache.org,147-278-3954,true
Waite,Reinbech,26-Feb-2001,wreinbechy@tamu.edu,294-239-8526,true
Elbertina,Lacase,18-Jan-1998,elacasez@jiathis.com,312-337-9009,true
Perry,McDiarmid,09-Apr-2014,pmcdiarmid10@joomla.org,427-108-5046,true
Yul,Wilson,19-Aug-1992,ywilson11@ox.ac.uk,116-321-7616,false
Egbert,Talmadge,11-Dec-2002,etalmadge12@goo.gl,740-528-8759,false
Hanna,Vedstra,08-Dec-1980,hvedstra13@independent.co.uk,355-898-4582,false
Justine,Wixey,31-Aug-2000,jwixey14@hao123.com,378-899-0100,true
Bernardine,Testin,25-Oct-1984,btestin15@abc.net.au,768-777-2821,false
Gregoor,Terron,27-Dec-2003,gterron16@ask.com,635-324-3977,true
Brooke,Dorton,27-Aug-2003,bdorton17@wiley.com,806-157-3880,true
Bekki,Arton,17-Jun-1980,barton18@ocn.ne.jp,678-965-5074,false
Julissa,Lemar,14-Dec-1985,jlemar19@scientificamerican.com,990-512-0015,true
Shanda,Pennini,01-Feb-2015,spennini1a@trellian.com,798-276-0769,false
Robinet,Zack,15-May-1986,rzack1b@statcounter.com,962-709-1992,false
Chandal,Lawland,24-Jan-2009,clawland1c@theglobeandmail.com,523-545-3232,true
Babita,Pithcock,01-Jul-2011,bpithcock1d@google.cn,241-864-4870,false
Hort,Laurant,21-Sep-2007,hlaurant1e@gmpg.org,780-693-2994,false
Hollie,Stonehewer,12-Dec-1992,hstonehewer1f@odnoklassniki.ru,271-970-9230,false
Andra,Posten,29-Mar-1982,aposten1g@bloglovin.com,346-269-3157,false
Gale,Cape,22-Sep-2007,gcape1h@buzzfeed.com,973-158-7935,false
Gawain,Birchenhead,03-May-1983,gbirchenhead1i@tamu.edu,952-944-0227,true
Marcela,MacKettrick,06-Jan-2018,mmackettrick1j@noaa.gov,301-760-3792,true
Jasmine,Ferenc,01-Jan-2018,jferenc1k@issuu.com,616-210-7433,true
Ermengarde,Boyne,27-Oct-2008,eboyne1l@themeforest.net,102-822-1978,false
Ethe,Stranaghan,10-Dec-1983,estranaghan1m@amazon.de,570-319-2138,true
Clemente,Tytler,02-Nov-1995,ctytler1n@phpbb.com,759-520-6519,true
Skipton,Glassman,04-Jul-1981,sglassman1o@apache.org,567-689-1037,true
Gael,Flavelle,21-Oct-2017,gflavelle1p@friendfeed.com,202-512-8287,true
Celesta,Oglevie,20-May-2000,coglevie1q@fema.gov,506-421-1139,false
Abdul,Gatlin,04-Apr-1982,agatlin1r@over-blog.com,943-360-3839,false
Editha,Reely,02-Aug-1997,ereely1s@kickstarter.com,205-532-6488,false
Maegan,Kupper,21-Aug-1983,mkupper1t@businessweek.com,553-186-3830,true
Mariette,Hitzke,26-Jun-2005,mhitzke1u@cnn.com,426-449-7429,false
Baird,Gurrado,05-Dec-1993,bgurrado1v@angelfire.com,221-565-6896,true
Phebe,Truckell,16-Sep-2000,ptruckell1w@latimes.com,552-729-2683,true
Koral,Gault,01-May-1994,kgault1x@tumblr.com,607-911-6897,true
Devi,Sprott,30-Jun-2012,dsprott1y@networkadvertising.org,963-487-9653,false
Arron,Brinkler,14-Feb-1988,abrinkler1z@w3.org,250-990-9279,true
Innis,Mattedi,20-Jul-1994,imattedi20@squarespace.com,559-151-9324,true
Quentin,Checketts,14-Sep-2003,qchecketts21@wisc.edu,680-192-1865,true
Thaine,Schukert,21-Nov-2010,tschukert22@wordpress.com,193-449-0932,true
Sarena,Commings,09-Feb-1993,scommings23@jiathis.com,502-649-8205,false
Monte,Gemlett,21-May-1984,mgemlett24@mayoclinic.com,604-116-6404,true
Sigfried,Froschauer,10-Mar-2000,sfroschauer25@wikispaces.com,991-532-4654,true
Elwin,Kehri,09-Oct-2002,ekehri26@g.co,587-501-3056,false
Evangelia,Corain,24-May-1995,ecorain27@sciencedirect.com,643-870-5530,true
Ginny,Pietrowski,18-May-1990,gpietrowski28@google.ru,223-160-4114,true
Merwin,Jeandet,10-Nov-1993,mjeandet29@youku.com,789-214-1864,false
Demetris,Kubach,23-Nov-1995,dkubach2a@multiply.com,443-393-9317,false
Jamison,Pechell,12-Nov-2004,jpechell2b@i2i.jp,788-342-6727,true
Auberon,Jeffreys,11-May-1990,ajeffreys2c@sphinn.com,162-890-9032,true
Jacob,Ashpital,05-Jun-1987,jashpital2d@rediff.com,150-715-2624,true
Siegfried,Bangle,07-Mar-1996,sbangle2e@google.pl,451-974-3846,true
Joyan,Muriel,17-Jun-2011,jmuriel2f@omniture.com,317-635-0589,true
Nickie,Domenicone,23-Oct-2004,ndomenicone2g@wikipedia.org,782-279-0813,true
Den,O' Ronan,11-Dec-2008,doronan2h@wufoo.com,677-849-6102,false
Parke,Minci,25-Aug-1996,pminci2i@cpanel.net,140-138-4497,false
Millard,Lapwood,13-May-1998,mlapwood2j@home.pl,393-643-4894,false
Pat,Ashbrook,15-Jan-2012,pashbrook2k@addtoany.com,831-319-8065,true
Nikoletta,Breddy,18-Jun-1999,nbreddy2l@nytimes.com,234-513-7727,true
Kayley,Albin,11-Nov-1989,kalbin2m@ox.ac.uk,924-557-0738,false
Dianna,Caldroni,09-Sep-2007,dcaldroni2n@reddit.com,152-344-5301,true
Madison,Burner,17-May-2000,mburner2o@mlb.com,862-339-8156,false
Benji,Tschursch,31-Aug-1987,btschursch2p@ifeng.com,419-462-4841,true
Quincy,Roseaman,11-Jun-1991,qroseaman2q@cam.ac.uk,324-166-8883,true
Rurik,Marrow,01-Jun-1988,rmarrow2r@google.ca,158-201-1194,false
Tracie,Burwin,08-Sep-2000,tburwin2s@imdb.com,548-683-2335,true
Bernelle,Ketcher,10-Jan-2009,bketcher2t@samsung.com,337-480-4861,false
Samson,Daborne,24-Sep-2014,sdaborne2u@microsoft.com,330-990-4408,true
Matti,Skevington,15-Oct-2008,mskevington2v@sakura.ne.jp,196-373-0678,true
Pauly,Thornewill,28-Apr-2014,pthornewill2w@g.co,352-301-6511,true
Peterus,Polgreen,23-Oct-1987,ppolgreen2x@hibu.com,119-701-8392,true
Hallie,Vickerstaff,01-Oct-1992,hvickerstaff2y@irs.gov,177-911-3734,true
Bobina,Gaitskell,27-Jul-2017,bgaitskell2z@altervista.org,434-643-2554,true
Jacquelin,Liptrod,10-Mar-1980,jliptrod30@furl.net,548-551-6972,false
Wadsworth,Mingauld,24-Apr-2006,wmingauld31@sphinn.com,142-593-9435,true
Bree,Keesman,25-Mar-1990,bkeesman32@e-recht24.de,556-481-4502,false
Catherina,Nairne,04-Oct-2015,cnairne33@icio.us,861-985-7694,true
Ettore,Hearnah,11-Nov-1984,ehearnah34@house.gov,667-321-6836,false
Ysabel,Elsey,03-Dec-1997,yelsey35@wikipedia.org,158-125-7181,false
Raul,McKennan,19-Aug-2001,rmckennan36@fema.gov,660-656-7369,true
Rolfe,Hatto,04-Sep-1983,rhatto37@toplist.cz,227-970-1805,false
Phineas,Gensavage,05-Apr-2007,pgensavage38@theglobeandmail.com,313-329-7729,true
Rabbi,Croson,12-Feb-2010,rcroson39@ed.gov,486-639-2207,true
Ondrea,Cofax,22-Jul-2006,ocofax3a@amazon.com,740-103-3960,false
Cesaro,Tobias,08-Apr-1984,ctobias3b@sourceforge.net,800-747-0588,true
Mal,Hawley,05-Jan-2002,mhawley3c@utexas.edu,541-707-6712,false
Mignon,Kelbie,05-Nov-1993,mkelbie3d@wp.com,906-305-7551,false
Halette,Kennaway,14-Aug-2010,hkennaway3e@sourceforge.net,351-739-0666,false
Nikolai,Dispencer,07-May-2011,ndispencer3f@nationalgeographic.com,788-634-4917,true
Obidiah,De Gregario,04-Oct-2006,odegregario3g@cnbc.com,959-918-6986,false
Lucine,Steart,20-Oct-1998,lsteart3h@wufoo.com,609-890-8763,false
Sheba,Piotrowski,23-Jul-2012,spiotrowski3i@hibu.com,944-804-0736,false
Camala,Castella,02-Oct-1996,ccastella3j@engadget.com,445-421-4100,false
Nels,Grisenthwaite,03-Jul-1984,ngrisenthwaite3k@dion.ne.jp,436-507-0854,false
Codie,Parell,08-Apr-1983,cparell3l@simplemachines.org,785-104-3840,false
Elden,Mogie,05-Sep-1991,emogie3m@nih.gov,648-780-6653,false
Lowell,Shewring,21-Oct-1997,lshewring3n@shop-pro.jp,702-768-9541,true
Averil,Baildon,03-Mar-1998,abaildon3o@bbc.co.uk,790-814-3870,true
Corny,McMichell,24-Dec-2002,cmcmichell3p@hao123.com,182-157-5587,true
Johann,Vinick,27-Dec-2016,jvinick3q@theglobeandmail.com,347-594-4114,false
Rawley,Stive,31-May-1999,rstive3r@businessweek.com,917-803-0145,true
Ethan,Anshell,15-Oct-2015,eanshell3s@msn.com,939-220-1510,false
Gard,Vanyard,12-Jun-2010,gvanyard3t@xrea.com,678-472-8078,false
Gary,Plowell,03-Feb-2003,gplowell3u@google.pl,791-874-7942,false
Pascale,Manach,23-Jul-1996,pmanach3v@bbc.co.uk,181-203-0230,false
Kristo,Gutsell,30-Apr-2017,kgutsell3w@cnn.com,329-485-5697,true
Hilliard,Jersch,01-Feb-1987,hjersch3x@weibo.com,986-855-2925,true
Stewart,Sweetsur,27-Sep-2010,ssweetsur3y@goo.gl,183-245-9237,false
Carleen,Klemz,17-Mar-1998,cklemz3z@istockphoto.com,967-184-0141,true
Orion,Rabat,14-Jul-1983,orabat40@cpanel.net,460-828-7922,true
Verne,Caulket,12-Mar-1995,vcaulket41@simplemachines.org,183-681-6472,false
Jeana,MacCourt,28-Sep-2016,jmaccourt42@blogspot.com,652-674-9748,false
Brion,O'Dowgaine,01-Dec-2000,bodowgaine43@hubpages.com,650-661-9843,true
Zelda,Hastler,07-May-2018,zhastler44@cam.ac.uk,358-156-7737,false
Sue,Prescot,16-Aug-2007,sprescot45@merriam-webster.com,983-404-5518,true
Xymenes,Gilfether,17-Apr-2011,xgilfether46@clickbank.net,586-855-0656,true
Lorna,Ludgrove,22-Feb-1987,lludgrove47@mlb.com,124-725-4479,false
Colman,Bloxland,05-Jan-1986,cbloxland48@elpais.com,739-328-4694,false
Darrel,Beldham,10-May-1994,dbeldham49@a8.net,368-372-0880,true
Kingsly,Marling,07-Feb-2012,kmarling4a@soup.io,706-946-8439,false
Simone,Kennham,14-Oct-2001,skennham4b@deviantart.com,455-446-3317,false
Traci,Joynes,16-Oct-1983,tjoynes4c@census.gov,919-164-7065,true
Glori,Barfoot,03-Oct-2009,gbarfoot4d@live.com,629-563-8830,true
Muffin,Harbar,14-Aug-2001,mharbar4e@europa.eu,239-648-3535,false
Fernande,Fossord,19-Jan-2002,ffossord4f@guardian.co.uk,998-210-6609,false
Cleo,Sorbie,29-Jan-2017,csorbie4g@loc.gov,410-292-1223,false
Rufus,Syrie,07-Oct-1992,rsyrie4h@miitbeian.gov.cn,838-359-7837,false
Edin,Andersson,26-May-1990,eandersson4i@elegantthemes.com,595-908-1137,true
Joyan,Wychard,01-Aug-2007,jwychard4j@hatena.ne.jp,634-341-1584,false
Borden,Lawranson,15-Aug-1991,blawranson4k@prlog.org,276-484-8605,true
Meta,Ducarel,11-Sep-2001,mducarel4l@cornell.edu,948-665-8160,false
Genni,Lomaz,17-Sep-1994,glomaz4m@constantcontact.com,805-422-6189,false
Sherwynd,Billingsly,24-Jul-1994,sbillingsly4n@spiegel.de,320-496-6794,true
Jessy,Male,23-Feb-2014,jmale4o@cbslocal.com,133-462-1862,true
Raimund,Durrant,27-Nov-2014,rdurrant4p@flickr.com,255-979-2664,true
Jorgan,Halcro,20-Jan-1987,jhalcro4q@symantec.com,464-496-6244,true
Foster,Felten,18-Oct-1991,ffelten4r@jimdo.com,854-823-7678,false
Carolus,Leadbeatter,17-Jan-1995,cleadbeatter4s@gov.uk,655-189-5544,true
Rogerio,McKeveney,20-Mar-1987,rmckeveney4t@newsvine.com,821-798-0225,true
Angeline,Gregori,16-Jun-2013,agregori4u@baidu.com,724-469-7055,true
Andriette,Durno,06-May-1996,adurno4v@howstuffworks.com,699-928-0084,true
Ambrosio,Vasyushkhin,07-Nov-2009,avasyushkhin4w@imageshack.us,890-583-6336,true
Diannne,Cumberbatch,13-Feb-2013,dcumberbatch4x@businessweek.com,207-616-4917,true
Bernarr,Fyers,06-Aug-2013,bfyers4y@cnn.com,161-713-6394,true
Helyn,Fickling,11-Jan-1996,hfickling4z@salon.com,282-666-3404,true
Gustavo,Howick,27-Feb-2002,ghowick50@symantec.com,784-491-2573,false
Dina,Crannage,27-Jun-1982,dcrannage51@sina.com.cn,562-220-2481,true
Chad,Skerme,07-Mar-1988,cskerme52@bloomberg.com,708-285-7086,false
Peter,Critch,15-Jan-2002,pcritch53@phoca.cz,837-366-8151,true
Patten,Glitherow,19-Jun-1990,pglitherow54@umn.edu,838-200-7435,false
Calida,Rodden,27-Apr-2005,crodden55@gov.uk,135-353-0430,false
Beverley,Lambdean,06-May-1990,blambdean56@over-blog.com,157-136-5796,true
Vidovic,Stigers,28-Apr-1992,vstigers57@merriam-webster.com,334-355-5527,true
Kelly,Sharrard,07-Oct-1993,ksharrard58@dion.ne.jp,749-224-4032,true
Rosmunda,Jenkison,10-Oct-2013,rjenkison59@illinois.edu,652-346-0080,true
Theodora,Drover,02-Jun-2017,tdrover5a@taobao.com,963-584-0271,false
Rosie,Tillyer,28-Feb-2008,rtillyer5b@ucla.edu,638-274-6275,true
Bird,Hanselmann,28-Sep-2008,bhanselmann5c@accuweather.com,435-895-1306,false
Josefa,Bowlas,01-Apr-2018,jbowlas5d@elegantthemes.com,728-635-2670,false
Willette,McInnery,18-Mar-1986,wmcinnery5e@nbcnews.com,819-244-5199,false
Clare,Cuerdale,05-Jul-2008,ccuerdale5f@zimbio.com,605-116-8970,false
Lacie,Munnion,24-Dec-2016,lmunnion5g@nps.gov,147-631-3119,true
Delaney,Bonifant,19-Jun-1980,dbonifant5h@networksolutions.com,767-613-5850,true
Anallise,Buckham,06-Apr-1990,abuckham5i@gizmodo.com,379-604-4685,false
Jaclin,Jenkin,02-Jun-2013,jjenkin5j@exblog.jp,472-589-1244,true
Ilyssa,Hymer,04-Aug-2017,ihymer5k@dmoz.org,149-230-5721,true
Paolina,Gannan,11-May-1991,pgannan5l@clickbank.net,565-592-7249,true
Waylon,Bapty,21-Aug-1995,wbapty5m@freewebs.com,388-615-2841,false
Elwin,Mish,20-Jun-1989,emish5n@github.com,125-524-0917,true
Emelia,Klasing,24-Apr-2018,eklasing5o@comcast.net,947-627-6436,false
Edie,Cooke,27-Jan-1998,ecooke5p@gizmodo.com,311-777-4076,false
Inesita,Sketh,19-May-1994,isketh5q@jugem.jp,579-933-3069,false
Bonnibelle,Kulas,24-Jul-2004,bkulas5r@twitter.com,930-775-0037,true
Moina,Heindrick,29-Jul-1991,mheindrick5s@clickbank.net,423-459-8221,false
Marga,Eckford,13-Feb-2015,meckford5t@hatena.ne.jp,166-338-3502,false
Etheline,Lethabridge,25-Apr-1995,elethabridge5u@phoca.cz,392-923-1953,true
Say,Poundesford,28-Oct-1987,spoundesford5v@fotki.com,928-675-9662,false
Kori,Sesons,28-Mar-1993,ksesons5w@hatena.ne.jp,977-587-0163,false
Carola,Stoffer,17-Jan-2016,cstoffer5x@usa.gov,699-749-4578,true
Jo,Pilmoor,11-Aug-2018,jpilmoor5y@aol.com,890-734-7330,false
Melody,Fairbairn,13-Jan-1988,mfairbairn5z@topsy.com,539-525-6374,false
Sly,Aston,03-Dec-1994,saston60@pagesperso-orange.fr,374-615-8998,true
Honey,Gillyatt,05-Aug-2018,hgillyatt61@globo.com,139-194-6048,false
Thane,Borkin,23-Jan-2010,tborkin62@statcounter.com,436-653-4107,true
Shepperd,Claw,10-Jul-2002,sclaw63@icq.com,281-820-3514,true
Karl,Glover,18-Oct-1997,kglover64@businesswire.com,205-684-4801,true
Viviana,Sanchis,03-Apr-2009,vsanchis65@smh.com.au,690-494-4742,false
Layton,Emanson,18-Nov-2008,lemanson66@liveinternet.ru,856-152-3961,false
Reece,McGrirl,12-Jul-1985,rmcgrirl67@eventbrite.com,802-802-0745,true
Ninetta,Busst,22-Apr-2013,nbusst68@wiley.com,339-166-7665,false
Hinze,Storks,05-Jan-2012,hstorks69@nasa.gov,277-567-6637,false
Loren,Lamp,18-Jan-2016,llamp6a@cbsnews.com,734-970-6935,true
Sissie,Mackerness,08-Feb-1992,smackerness6b@admin.ch,922-141-4826,false
Valerie,Griffoen,20-Dec-1980,vgriffoen6c@de.vu,297-248-8461,true
Willette,Franzotto,08-Feb-1998,wfranzotto6d@vkontakte.ru,471-843-4618,false
Sorcha,Di Claudio,01-Apr-2000,sdiclaudio6e@xrea.com,777-511-8861,true
Gerald,Rugge,03-Dec-1988,grugge6f@jalbum.net,223-774-8662,true
Jeniece,Petrozzi,05-Dec-2011,jpetrozzi6g@so-net.ne.jp,467-985-4925,true
Stacy,Edscer,29-Dec-2003,sedscer6h@va.gov,948-525-4116,false
Joshuah,Warboy,14-Jan-2004,jwarboy6i@photobucket.com,408-569-8976,false
Tudor,Griffen,12-Apr-1992,tgriffen6j@pen.io,342-552-6031,false
Angeli,Knobell,22-Nov-2012,aknobell6k@sphinn.com,173-216-1406,false
Terese,Bothen,01-Feb-1987,tbothen6l@lulu.com,173-456-2501,false
Maggee,Gabbatt,22-Mar-1995,mgabbatt6m@intel.com,731-915-2833,false
Ainslie,Nockalls,25-Jan-2016,anockalls6n@i2i.jp,686-580-1927,false
Sande,Solon,15-Feb-2000,ssolon6o@clickbank.net,862-841-3632,false
Naomi,Snaith,01-Jun-2004,nsnaith6p@liveinternet.ru,562-978-6952,true
Bradford,Stiggers,30-Apr-2003,bstiggers6q@dropbox.com,167-113-2469,false
Anderson,Arrowsmith,04-Jan-1990,aarrowsmith6r@merriam-webster.com,695-721-0796,true
Erich,Heinemann,28-Sep-2005,eheinemann6s@tamu.edu,170-364-9411,true
Carly,Gaukrodge,18-Aug-2002,cgaukrodge6t@usa.gov,977-356-0764,false
Teriann,McGillivray,26-Jan-1993,tmcgillivray6u@rambler.ru,381-725-2070,false
Alwyn,Sargint,11-May-1983,asargint6v@myspace.com,669-437-0116,true
Raven,Rush,11-Sep-2000,rrush6w@bluehost.com,163-570-7362,true
Audie,Ozelton,24-Mar-2010,aozelton6x@uol.com.br,609-129-5896,false
Hanny,Aldine,16-Nov-2004,haldine6y@guardian.co.uk,955-969-0292,false
Odelinda,Pyatt,13-Apr-1992,opyatt6z@tuttocitta.it,332-846-9593,false
Norah,Slaney,10-Feb-1998,nslaney70@gizmodo.com,798-780-6822,false
Cammy,MacCaughey,30-May-1990,cmaccaughey71@surveymonkey.com,974-508-5369,false
Patrizia,Campkin,20-Oct-1983,pcampkin72@yale.edu,733-303-7698,true
Amelie,Cattach,24-Jul-2017,acattach73@biglobe.ne.jp,832-965-0225,true
Daveen,Pieche,09-Aug-2003,dpieche74@yelp.com,614-753-2747,false
Coral,Kegley,01-Sep-2001,ckegley75@unesco.org,520-633-8926,true
Melantha,Castellanos,11-Feb-2012,mcastellanos76@google.com,565-339-8170,false
Neils,Courtliff,29-Apr-2017,ncourtliff77@blog.com,860-433-0362,false
Rosalie,Tuddall,05-Aug-2001,rtuddall78@europa.eu,790-240-6999,false
Raynor,Lanktree,20-Feb-1990,rlanktree79@squidoo.com,398-685-1931,false
Normand,Trewinnard,14-Jun-2016,ntrewinnard7a@usnews.com,404-383-0270,false
Britte,Magenny,13-Jan-2012,bmagenny7b@java.com,536-384-6409,false
Hilde,Danielsky,18-Apr-1992,hdanielsky7c@taobao.com,953-450-5160,false
Corty,Casson,21-Sep-1997,ccasson7d@behance.net,119-229-6340,false
Fremont,Ebbin,19-Oct-1993,febbin7e@walmart.com,446-395-6111,false
Prentice,Salvadori,03-Oct-2017,psalvadori7f@rediff.com,621-183-4395,true
Keane,Lecky,02-Aug-1986,klecky7g@icq.com,458-678-7108,true
Felicle,Hradsky,09-Aug-1989,fhradsky7h@mapquest.com,566-781-9754,false
Zacharias,Stollenberg,03-Sep-1998,zstollenberg7i@nymag.com,640-229-3161,false
Felic,MacKeague,14-Nov-1984,fmackeague7j@virginia.edu,128-967-3454,false
Ned,Howle,01-Feb-2015,nhowle7k@domainmarket.com,772-784-5518,false
Althea,Shoobridge,25-Dec-1993,ashoobridge7l@slate.com,853-737-4781,true
Tove,Giametti,24-Apr-1985,tgiametti7m@examiner.com,258-462-1065,true
Ruttger,Marcussen,04-Sep-2007,rmarcussen7n@reverbnation.com,439-981-1088,true
Fanya,Farncomb,13-May-2011,ffarncomb7o@epa.gov,578-530-3865,false
Frannie,Raccio,20-Dec-2004,fraccio7p@utexas.edu,205-639-3568,false
Clayton,Garforth,18-Mar-2014,cgarforth7q@flavors.me,934-520-0070,true
Joyann,Yedy,30-Aug-1986,jyedy7r@sun.com,419-756-4008,true
Kristin,Ronan,21-Aug-2005,kronan7s@nps.gov,933-737-3446,true
Boony,Busfield,09-May-2004,bbusfield7t@miibeian.gov.cn,846-400-7737,false
Leann,Bewicke,02-Jan-2016,lbewicke7u@reference.com,331-823-8704,true
Gilburt,Rubel,06-Jan-1997,grubel7v@cocolog-nifty.com,114-452-3382,false
Westbrook,Deverock,25-Oct-1994,wdeverock7w@soup.io,286-524-1368,false
Donni,Gettins,20-Jun-2015,dgettins7x@mail.ru,607-273-9751,true
Kelly,Baack,09-Sep-1982,kbaack7y@godaddy.com,115-981-4778,true
Selma,Eadmead,09-Dec-1995,seadmead7z@qq.com,156-801-3050,true
Camile,Ybarra,18-Mar-1995,cybarra80@bbb.org,139-594-3133,true
Addie,Arkin,21-Dec-1995,aarkin81@oaic.gov.au,650-240-3939,false
Madelle,Alessandrucci,14-Oct-1985,malessandrucci82@slate.com,351-928-4942,false
Natassia,Margetts,27-Aug-1983,nmargetts83@imdb.com,601-258-5240,false
Dulcine,Caillou,19-Oct-1980,dcaillou84@nps.gov,579-259-6608,true
Sammy,Budnik,24-May-2011,sbudnik85@xing.com,801-725-3987,false
Gwennie,Colyer,05-Jun-1999,gcolyer86@chronoengine.com,816-110-8934,false
Ame,Moberley,21-Jan-1988,amoberley87@baidu.com,996-860-3613,false
Marcile,Fearnill,02-Aug-2009,mfearnill88@tinypic.com,228-741-8800,false
Ivie,Peret,16-Nov-1982,iperet89@biblegateway.com,810-719-5501,true
Geordie,Pallatina,11-Oct-1995,gpallatina8a@ca.gov,892-556-7984,false
Elston,Jouannisson,19-Mar-2010,ejouannisson8b@photobucket.com,455-109-4102,false
Jeffrey,Coomer,14-Feb-1988,jcoomer8c@google.co.uk,190-776-9089,false
Antoine,Meenan,31-May-2012,ameenan8d@cdbaby.com,704-170-1949,false
Norma,Nazer,02-Oct-1988,nnazer8e@geocities.jp,496-843-3992,true
Fabe,MacIlhargy,16-Dec-1991,fmacilhargy8f@salon.com,356-182-1896,false
Ketti,Eddins,04-Nov-2003,keddins8g@chicagotribune.com,230-336-7291,true
Mady,Snellman,28-Jun-2005,msnellman8h@businessweek.com,958-904-7217,true
Carlynn,Quinnelly,28-Mar-2015,cquinnelly8i@mail.ru,856-185-1957,true
Orren,La Rosa,18-Jul-2006,olarosa8j@nps.gov,917-194-9918,false
Norrie,Ebbage,21-Apr-2014,nebbage8k@github.com,984-795-2006,true
Elwood,Gray,19-Oct-2003,egray8l@scribd.com,202-505-8556,true
Cart,Dawidowsky,16-Jun-1980,cdawidowsky8m@wikispaces.com,981-345-2265,false
Gaven,Robke,03-Dec-1982,grobke8n@sphinn.com,736-244-6368,true
Bat,Parysiak,28-Jan-2007,bparysiak8o@google.co.jp,781-229-6788,false
Joyann,Patrono,29-Dec-2017,jpatrono8p@apple.com,386-643-2660,false
Onofredo,Zannuto,10-Jun-1993,ozannuto8q@naver.com,321-676-2338,false
Nigel,Abatelli,07-Mar-1987,nabatelli8r@icq.com,927-679-5286,true
Oliy,Pashan,05-May-1980,opashan8s@forbes.com,132-398-7256,false
Hillel,Loveridge,14-Sep-1996,hloveridge8t@baidu.com,836-214-2750,true
Hestia,Minillo,28-Jan-2006,hminillo8u@eepurl.com,530-943-8434,true
Suzanne,Pilfold,13-Jun-2013,spilfold8v@blogger.com,354-182-1468,true
Sigismond,Matczak,26-Mar-1980,smatczak8w@unc.edu,360-216-7007,false
Guido,O'Malley,29-Aug-2018,gomalley8x@howstuffworks.com,417-621-1745,false
Marjorie,Bendelow,27-Nov-2016,mbendelow8y@ted.com,906-650-7434,false
Jocelyn,Gonning,21-Nov-2014,jgonning8z@godaddy.com,689-200-9013,true
Leroi,Burker,12-Dec-2006,lburker90@unicef.org,661-102-8206,true
Dale,Roland,18-Jun-2002,droland91@sogou.com,494-113-0968,true
Christy,Scaplehorn,13-Oct-1980,cscaplehorn92@jigsy.com,134-688-9272,true
Gustave,Fettis,17-Jun-1995,gfettis93@slashdot.org,401-896-8985,true
Reinaldo,Logie,23-Mar-2015,rlogie94@linkedin.com,423-933-1295,false
Linzy,Fawdrey,17-Sep-2012,lfawdrey95@craigslist.org,947-730-2682,true
Michal,Cagan,01-May-2005,mcagan96@huffingtonpost.com,366-370-7801,true
Leeann,Fiddian,29-Mar-1996,lfiddian97@clickbank.net,371-452-6026,false
Teador,Balls,04-Oct-2006,tballs98@chicagotribune.com,777-237-6401,false
Isadora,Mariot,04-Jul-2007,imariot99@freewebs.com,139-582-2162,false
Elfreda,Shambrook,13-Mar-1988,eshambrook9a@census.gov,381-653-2561,false
Idette,Muddiman,31-Aug-1997,imuddiman9b@chronoengine.com,783-247-6305,false
Freddi,Waite,12-Aug-1993,fwaite9c@techcrunch.com,943-840-1722,true
Angelico,Richichi,05-May-2016,arichichi9d@uol.com.br,818-301-3730,false
Laird,Keems,12-Nov-1995,lkeems9e@quantcast.com,136-376-7863,false
Robinet,Corballis,03-Jan-1988,rcorballis9f@blogspot.com,557-971-2230,true
Lannie,Taunton.,22-Nov-1993,ltaunton9g@hc360.com,748-965-7388,true
Andreas,Hacksby,26-Apr-2016,ahacksby9h@discovery.com,806-198-0056,true
Adorne,Calkin,10-Jul-2000,acalkin9i@addthis.com,384-118-1200,true
Jeanette,Lailey,14-Oct-2008,jlailey9j@foxnews.com,380-907-1046,false
Gifford,Warrior,18-Nov-2002,gwarrior9k@dedecms.com,993-631-6044,true
Heida,Selcraig,19-Feb-2017,hselcraig9l@sakura.ne.jp,635-944-9541,true
Courtney,Fawlkes,17-Mar-1992,cfawlkes9m@google.ca,801-321-3613,false
Jeannine,Perkinson,24-May-1993,jperkinson9n@wikia.com,442-972-4984,true
Katrina,McCabe,14-Jan-1981,kmccabe9o@bbb.org,817-380-7354,true
Brittaney,Cuddihy,13-Oct-2011,bcuddihy9p@liveinternet.ru,934-705-8684,false
Janeen,Eaklee,07-Aug-1991,jeaklee9q@washington.edu,383-567-5143,true
Elly,Joll,11-Nov-2004,ejoll9r@reddit.com,779-738-9559,false
Eloise,Aked,06-Mar-2013,eaked9s@netscape.com,863-736-5678,true
Ike,Florio,17-Sep-2007,iflorio9t@discovery.com,978-758-4951,true
Addi,Pinwill,29-Jan-1981,apinwill9u@tuttocitta.it,545-126-1103,false
Xerxes,Shipston,26-Jun-1982,xshipston9v@meetup.com,160-194-5590,false
Mala,Zambonini,24-Nov-1981,mzambonini9w@rakuten.co.jp,519-793-2473,false
Gay,Merrett,27-Dec-2006,gmerrett9x@smh.com.au,399-196-2549,false
Griff,Hawksby,04-Mar-1982,ghawksby9y@hp.com,872-675-6997,false
Bella,Worpole,05-Oct-1990,bworpole9z@prlog.org,684-237-9080,true
Millard,Wilderspoon,15-Jan-1983,mwilderspoona0@economist.com,297-806-1276,true
Ned,Peniman,11-Apr-2004,npenimana1@zdnet.com,744-213-1225,false
Xavier,Thams,26-Mar-2016,xthamsa2@ezinearticles.com,214-664-8942,true
Nickolai,Farens,21-Oct-1981,nfarensa3@ted.com,658-902-5929,false
Julian,Barsam,18-Oct-2007,jbarsama4@weebly.com,492-804-8514,true
Craggy,Schimaschke,04-Feb-1998,cschimaschkea5@phoca.cz,640-672-2724,true
Agathe,Nequest,15-Nov-1992,anequesta6@zdnet.com,774-515-4789,true
Rory,Darcey,11-Feb-2002,rdarceya7@taobao.com,480-412-8538,false
Belvia,Cargon,09-Oct-1992,bcargona8@de.vu,657-364-8303,true
Pennie,Bilbey,12-Mar-1987,pbilbeya9@umn.edu,297-235-8105,false
Andrey,Simonyi,18-Aug-1983,asimonyiaa@phpbb.com,540-475-6594,false
Cory,Normanville,04-Nov-2007,cnormanvilleab@spotify.com,337-123-2461,true
Astrid,Pierucci,13-Apr-1999,apierucciac@plala.or.jp,641-779-2683,false
Henryetta,Guisby,20-Dec-1989,hguisbyad@github.io,399-472-0128,false
Madelin,Maxworthy,10-Dec-2017,mmaxworthyae@yellowpages.com,805-810-8877,true
Yvon,Cowope,12-Nov-2010,ycowopeaf@youtube.com,326-617-0172,true
Talbert,Colrein,18-Dec-1995,tcolreinag@army.mil,718-224-4700,false
Luigi,Carrane,04-Oct-2016,lcarraneah@sourceforge.net,277-705-5381,false
Sigismund,Borrott,09-Apr-1985,sborrottai@economist.com,298-439-2634,true
Modesty,Pendrill,26-Feb-1998,mpendrillaj@facebook.com,764-233-5645,false
Gerhardine,Cordeau,01-Apr-2003,gcordeauak@yahoo.com,277-979-3452,false
Melisenda,Kinforth,13-Jun-2000,mkinforthal@oaic.gov.au,180-145-3716,true
Meg,Redihough,15-May-2014,mredihougham@skype.com,463-184-8946,true
Dulcea,Scopham,07-Jul-2001,dscophaman@ameblo.jp,829-543-1561,false
Wilone,Jaggar,24-Aug-2001,wjaggarao@mit.edu,665-488-0097,true
Staffard,Ormond,22-Oct-1991,sormondap@acquirethisname.com,896-197-4835,false
Elsbeth,Milliken,15-Nov-2011,emillikenaq@state.tx.us,402-463-0597,false
William,Schutte,07-Jan-1982,wschuttear@fotki.com,562-679-8492,true
Judon,Mongan,18-Jun-2004,jmonganas@psu.edu,805-709-9368,true
Edgard,Bhar,14-Nov-1994,ebharat@123-reg.co.uk,269-419-3873,true
Templeton,Cornilli,09-Apr-1991,tcornilliau@clickbank.net,656-343-9597,false
Marguerite,Spiniello,20-Jun-1982,mspinielloav@joomla.org,655-604-4405,false
Claudio,Stoggles,28-Dec-1994,cstogglesaw@sfgate.com,230-767-7137,false
Babb,Guerner,05-Mar-1999,bguernerax@networksolutions.com,890-938-3762,false
Leona,Esland,27-Sep-1998,leslanday@vkontakte.ru,452-113-4179,true
Georas,Sheryne,03-Oct-1998,gsheryneaz@booking.com,236-318-2133,true
Winfred,McGirl,06-Dec-2005,wmcgirlb0@squarespace.com,679-181-0120,true
Traci,Slocomb,20-Jun-1992,tslocombb1@friendfeed.com,920-600-2495,true
Bennett,Harlow,26-Aug-1983,bharlowb2@wordpress.org,394-156-6221,false
Emile,Nutting,29-Mar-1990,enuttingb3@mysql.com,713-634-3481,true
Marlene,Hubeaux,23-Sep-2014,mhubeauxb4@ifeng.com,652-118-3549,true
Agneta,Dunbleton,20-Jul-1996,adunbletonb5@ted.com,750-665-2277,false
Archibold,Higgan,28-Jun-2014,ahigganb6@a8.net,328-948-4764,false
Sunny,Allebone,23-Jul-1992,salleboneb7@ed.gov,656-918-8038,true
Blinni,Walaron,14-Jul-1985,bwalaronb8@barnesandnoble.com,253-478-7502,false
Felike,Barribal,23-Mar-1998,fbarribalb9@bloglines.com,565-121-3430,false
Kitty,Bransom,22-Aug-1980,kbransomba@twitpic.com,191-895-4851,false
Becka,Jedrzej,25-Mar-1982,bjedrzejbb@amazonaws.com,507-219-1222,true
Sarene,O'Hone,31-Jul-2005,sohonebc@netvibes.com,999-623-2216,true
Harmonie,Cescoti,13-Feb-1995,hcescotibd@vk.com,820-141-3604,false
Lew,Pidgeley,12-Mar-2004,lpidgeleybe@alibaba.com,830-576-4738,true
Kim,DeSousa,30-Oct-1996,kdesousabf@unc.edu,740-553-1902,true
Dino,Sebyer,18-May-2010,dsebyerbg@stumbleupon.com,570-325-9908,false
Leon,Farnish,01-Aug-1996,lfarnishbh@google.cn,224-449-0323,false
Stacee,Twitty,14-Jul-1995,stwittybi@unc.edu,966-228-8433,true
Will,Bullen,07-Nov-1985,wbullenbj@linkedin.com,280-700-8036,false
Margo,Trevor,10-Jul-1990,mtrevorbk@soundcloud.com,127-105-7542,false
Liuka,Terne,08-Aug-1996,lternebl@netlog.com,709-328-6821,false
Steffane,Ackland,09-Mar-2016,sacklandbm@posterous.com,144-186-5008,true
Cristin,Le Strange,08-Sep-2013,clestrangebn@twitpic.com,669-743-1151,false
Graehme,Poundford,29-Jul-2012,gpoundfordbo@msu.edu,198-939-5201,true
Em,Philippart,09-Jun-2017,ephilippartbp@zimbio.com,377-401-8973,false
Aubrette,Comettoi,21-Feb-2010,acomettoibq@cafepress.com,109-701-2139,true
Padriac,Haccleton,20-May-1983,phaccletonbr@mozilla.com,640-589-5683,true
Rosie,Wilcox,21-Jan-2009,rwilcoxbs@hatena.ne.jp,421-189-5030,true
Prinz,Pidgen,01-Sep-2015,ppidgenbt@rakuten.co.jp,418-662-3575,false
Vida,Loomes,22-Jun-1999,vloomesbu@jigsy.com,607-291-0557,true
Bobbette,Trenaman,21-Apr-2012,btrenamanbv@omniture.com,921-103-2605,false
Shirley,Devo,12-Sep-1988,sdevobw@blogspot.com,297-193-5956,true
Orv,Woolager,24-Jan-1996,owoolagerbx@posterous.com,751-134-1056,false
Melissa,Klass,02-May-2016,mklassby@com.com,556-308-9588,false
Imogene,Baltzar,05-Apr-1981,ibaltzarbz@walmart.com,753-258-1681,false
Stefan,Whiteford,21-Apr-2000,swhitefordc0@nhs.uk,721-162-6941,false
Hector,De Domenici,03-Aug-1981,hdedomenicic1@wikispaces.com,299-916-4148,false
Claiborn,Gatenby,26-Aug-1997,cgatenbyc2@bloglines.com,914-423-8848,false
Emilio,Beven,08-Dec-2000,ebevenc3@harvard.edu,852-411-2425,false
Dominique,Macoun,04-Jun-2000,dmacounc4@merriam-webster.com,122-690-7621,false
Serene,Lowdes,16-Dec-1981,slowdesc5@chicagotribune.com,325-479-9503,true
Tuckie,Ranyell,11-May-1988,tranyellc6@tmall.com,458-550-1315,false
Naomi,Rubinsztein,23-Dec-2015,nrubinszteinc7@sciencedaily.com,851-287-0298,true
Crosby,Godleman,24-Aug-1986,cgodlemanc8@hao123.com,307-844-4036,true
Cacilia,Dalglish,14-Jan-1997,cdalglishc9@ca.gov,850-834-6463,false
Ailene,Corwood,06-Jul-2002,acorwoodca@wikimedia.org,703-122-7658,true
Bartholomeus,Wasling,06-Oct-1986,bwaslingcb@moonfruit.com,526-325-9599,false
Tiffie,Robottham,06-Aug-1985,trobotthamcc@google.de,428-713-9151,false
Gusty,Keenleyside,16-Mar-2018,gkeenleysidecd@seesaa.net,236-509-6582,true
Melody,Strasse,11-Apr-2017,mstrassece@ibm.com,295-625-1083,false
Tessa,Rendall,22-Apr-2012,trendallcf@merriam-webster.com,276-431-5804,true
Frankie,Kellett,08-Nov-2013,fkellettcg@devhub.com,456-161-3861,true
Tansy,Slavin,27-May-1981,tslavinch@pagesperso-orange.fr,389-868-7960,true
Carce,Shepley,06-Apr-1992,cshepleyci@tmall.com,839-832-4823,false
Morgen,Graber,11-Aug-1991,mgrabercj@blog.com,596-296-0015,false
Ogdon,Sibbson,15-Jan-2010,osibbsonck@bbc.co.uk,442-323-6504,false
Remus,Speak,17-Dec-2005,rspeakcl@so-net.ne.jp,780-564-3552,true
Rina,Clive,10-Jan-1989,rclivecm@zdnet.com,535-875-5110,false
Andre,Liverock,10-Feb-2002,aliverockcn@psu.edu,498-243-2251,false
Archy,Franschini,18-Jun-1992,afranschinico@discovery.com,933-570-4119,false
Chrissy,Lowson,30-Dec-1982,clowsoncp@pen.io,917-393-0547,true
Linda,Abbot,20-Jul-2016,labbotcq@goodreads.com,946-479-2242,true
Skippy,Morat,07-Jul-1986,smoratcr@google.es,120-834-6140,false
Murry,Renyard,01-Aug-2010,mrenyardcs@sun.com,821-764-5939,true
Denni,Do Rosario,07-Jul-1982,ddorosarioct@imdb.com,647-231-2523,false
Conan,Dilloway,12-Mar-2004,cdillowaycu@mail.ru,370-790-7814,true
Leandra,Hacaud,02-Sep-1997,lhacaudcv@google.it,889-408-9108,false
Carlita,Charlo,13-Aug-2014,ccharlocw@mysql.com,196-467-1272,false
Marigold,Malser,15-Jan-1986,mmalsercx@i2i.jp,224-868-6022,false
Hadley,Orman,28-Jul-1989,hormancy@123-reg.co.uk,981-114-7897,false
Afton,Baggs,04-Apr-1986,abaggscz@i2i.jp,988-325-7337,false
Cosmo,Dovidaitis,15-Apr-1989,cdovidaitisd0@flavors.me,647-322-4331,true
Early,Paszak,05-Apr-1990,epaszakd1@ca.gov,232-783-3741,true
Petronille,Kane,31-Mar-2009,pkaned2@ocn.ne.jp,568-344-4258,true
Joycelin,Munehay,01-Dec-1984,jmunehayd3@jimdo.com,316-333-1578,false
Danyette,Wheater,05-Sep-1999,dwheaterd4@mozilla.org,956-356-6520,true
Odette,Ifill,08-Dec-1989,oifilld5@wisc.edu,627-704-4966,false
Sauncho,Shackell,22-Nov-2010,sshackelld6@about.me,124-524-7671,false
Nikita,Vinker,07-Feb-2001,nvinkerd7@usda.gov,318-998-3076,true
Shannon,Unwin,16-Oct-2007,sunwind8@globo.com,676-856-8876,false
Finley,Oxbrough,16-Jun-2003,foxbroughd9@homestead.com,841-414-4491,true
Winnah,Nesbitt,05-Sep-1989,wnesbittda@salon.com,935-635-0995,true
Brietta,Meconi,01-Feb-2006,bmeconidb@bloomberg.com,462-475-3036,false
Korrie,Heister,17-Dec-2000,kheisterdc@tripadvisor.com,568-761-2404,false
Angelia,Hurt,11-Nov-2002,ahurtdd@wired.com,115-270-1353,true
Duff,Pizey,02-Nov-2004,dpizeyde@amazon.de,674-380-5243,false
Hillier,Mathias,10-Apr-2018,hmathiasdf@nps.gov,131-601-3120,true
Garik,Greenhaugh,22-Dec-1989,ggreenhaughdg@google.com,622-994-2519,false
Genevieve,Bidder,01-Dec-1989,gbidderdh@prweb.com,197-789-5531,false
Dion,Coleiro,29-Jan-2006,dcoleirodi@artisteer.com,380-128-0928,false
Lynda,Pullin,20-Oct-2009,lpullindj@wufoo.com,594-603-2229,false
Biddy,Sein,18-Jan-1996,bseindk@ehow.com,220-785-4275,false
Ronna,Mousley,14-Apr-2004,rmousleydl@deviantart.com,554-192-6751,false
Bernardine,Kaygill,22-Sep-1997,bkaygilldm@nasa.gov,891-444-9386,true
Leyla,Wareham,18-Oct-1995,lwarehamdn@uol.com.br,302-692-7286,true
Carlota,Addess,29-Mar-2014,caddessdo@oaic.gov.au,782-321-6319,false
Ernest,Tuxill,31-Mar-1980,etuxilldp@xrea.com,289-224-4477,true
Kaja,Rochelle,28-Mar-1984,krochelledq@clickbank.net,348-193-7901,false
Bjorn,Gelderd,11-Nov-2017,bgelderddr@ftc.gov,698-147-6152,false
Berenice,Laville,21-Oct-1984,blavilleds@webmd.com,183-170-8445,false
Melodie,Winspeare,09-Jan-2000,mwinspearedt@guardian.co.uk,718-456-9519,true
Truman,Aickin,28-Jan-1994,taickindu@nyu.edu,636-961-0358,true
Zared,Stansby,27-Jun-1993,zstansbydv@noaa.gov,669-273-4781,true
Jeffrey,Samter,26-May-1985,jsamterdw@xrea.com,308-523-2018,false
Maynard,Cole,17-Jul-2004,mcoledx@about.com,110-965-7080,false
Yetty,FitzAlan,25-Oct-1999,yfitzalandy@aol.com,927-156-7091,true
Allyce,Skevington,07-Feb-1986,askevingtondz@smugmug.com,631-239-8175,true
Terrill,McConaghy,19-Jan-1982,tmcconaghye0@chron.com,785-476-9846,false
Tasia,Cescoti,20-Nov-2013,tcescotie1@yelp.com,140-676-1499,true
Donal,Grelak,11-Feb-1985,dgrelake2@springer.com,613-583-5753,true
Jemmy,Djurkovic,24-Mar-1985,jdjurkovice3@a8.net,986-629-3978,false
Emeline,Grayston,02-Jan-1998,egraystone4@nationalgeographic.com,588-261-2122,false
Emmie,Bazley,20-Feb-2004,ebazleye5@mozilla.com,388-349-5631,false
Davie,Monsey,21-Mar-2010,dmonseye6@go.com,458-829-9249,false
Louise,Goulbourne,13-Mar-1992,lgoulbournee7@jalbum.net,575-503-7570,false
Sidney,Giff,01-Dec-2001,sgiffe8@mac.com,203-590-5386,true
Sebastiano,Tyght,24-Feb-2001,styghte9@comsenz.com,122-452-0249,false
Nestor,Adrianello,08-Sep-1994,nadrianelloea@creativecommons.org,941-573-6396,false
Rora,Campo,29-Sep-1991,rcampoeb@shop-pro.jp,724-488-7508,false
Allister,Mansbridge,07-Sep-2013,amansbridgeec@amazonaws.com,382-602-0577,true
Paula,Ormistone,25-Sep-2014,pormistoneed@tumblr.com,638-289-1771,true
Giacobo,Aldis,24-Aug-1988,galdisee@networksolutions.com,111-346-9849,true
Bear,Ortells,16-Jun-2016,bortellsef@accuweather.com,985-466-3058,false
Dan,Frickey,06-Jun-2018,dfrickeyeg@webnode.com,136-660-3951,true
Alene,McDarmid,28-Jun-2002,amcdarmideh@mozilla.com,300-446-3536,false
Valle,Yedall,15-Nov-2017,vyedallei@tamu.edu,490-719-3570,true
Chrotoem,Fyall,14-Nov-2008,cfyallej@gnu.org,479-590-3822,true
Trstram,Fadell,02-Apr-2013,tfadellek@scribd.com,795-263-9132,false
Gwen,Sargant,23-Apr-1986,gsargantel@artisteer.com,944-608-9040,true
Cecily,Aireton,26-Dec-2002,cairetonem@alexa.com,834-771-1804,true
Claiborn,Jeannet,02-Aug-2013,cjeanneten@webs.com,924-654-5816,false
Yance,Satchell,01-Jul-1998,ysatchelleo@sbwire.com,279-305-5818,false
Liv,Blamire,17-Jul-2010,lblamireep@bloglovin.com,934-377-4002,false
Filia,Papworth,11-Mar-2006,fpapwortheq@usda.gov,601-867-8507,false
Bernette,Beven,28-May-2018,bbevener@cornell.edu,248-104-9814,false
Lars,Hudspith,28-Nov-1998,lhudspithes@ox.ac.uk,687-736-3244,false
Wilmer,Birmingham,12-Apr-1994,wbirminghamet@typepad.com,710-504-0888,true
Ramsey,Djurevic,10-Jan-2010,rdjureviceu@pcworld.com,570-953-9276,false
Elysee,Clemow,31-Jan-1988,eclemowev@surveymonkey.com,880-389-6641,true
Clarissa,Baton,06-Mar-2006,cbatonew@woothemes.com,681-934-9149,true
Antonia,Crallan,19-Sep-2003,acrallanex@topsy.com,706-615-9640,true
Dill,Bicksteth,04-Oct-2011,dbickstethey@hugedomains.com,430-273-1464,false
Keene,Ford,12-Jun-2009,kfordez@icq.com,803-526-4704,true
Raff,Dawney,26-Apr-1991,rdawneyf0@mapquest.com,512-954-1054,true
Delmore,Di Biagi,17-Feb-1990,ddibiagif1@weebly.com,686-937-0156,false
Enos,Bergin,12-Nov-2000,eberginf2@soundcloud.com,978-683-1549,false
Theresa,Reppaport,29-Jan-2000,treppaportf3@oaic.gov.au,579-653-5247,true
Mariann,Wasiel,27-Apr-2016,mwasielf4@123-reg.co.uk,281-511-9823,true
Ynes,Reape,10-Feb-2013,yreapef5@youtu.be,101-447-3080,false
Jannel,McOwen,25-Jul-2003,jmcowenf6@fc2.com,418-887-2079,false
Gerty,Farfull,12-Nov-1992,gfarfullf7@japanpost.jp,713-345-1524,true
Lothario,Assaf,23-Dec-2003,lassaff8@house.gov,570-850-8782,false
Saraann,McGow,13-Jul-2002,smcgowf9@ask.com,418-494-1669,false
Chrissie,Chadney,07-Nov-2014,cchadneyfa@paginegialle.it,813-699-8904,true
Denney,Binnie,07-Feb-1986,dbinniefb@bigcartel.com,376-638-1878,true
Danette,Cruickshanks,18-Nov-2000,dcruickshanksfc@google.fr,324-695-9594,false
Cyndi,Leatherborrow,22-Nov-2007,cleatherborrowfd@sakura.ne.jp,917-952-2464,true
Inga,Knappett,03-Apr-1981,iknappettfe@un.org,126-246-1322,true
Georgine,Evett,06-Mar-1991,gevettff@rediff.com,592-819-9827,false
Immanuel,Aylin,01-Jun-2005,iaylinfg@google.cn,771-321-8201,false
Nickolai,Braine,14-Jul-2007,nbrainefh@123-reg.co.uk,715-755-3763,true
Alvera,Garrity,31-Aug-1982,agarrityfi@addtoany.com,693-744-5826,false
Leonhard,Bream,20-Dec-2015,lbreamfj@businessweek.com,825-957-2529,false
Brook,Hurdidge,05-Aug-1988,bhurdidgefk@imgur.com,149-111-2630,false
Dall,Russe,02-Aug-2015,drussefl@free.fr,865-814-5553,true
Ivonne,Barkhouse,15-Apr-2013,ibarkhousefm@biblegateway.com,803-639-7707,false
Elihu,Penhaligon,21-Jun-2018,epenhaligonfn@oakley.com,554-487-4372,true
Leisha,Davydenko,04-Jan-2007,ldavydenkofo@forbes.com,808-282-1828,false
Alyse,Cardinale,07-Sep-2001,acardinalefp@icio.us,678-386-2719,true
Nanci,Fairhall,26-Dec-2000,nfairhallfq@zimbio.com,163-627-2374,true
Jaquenette,Cissen,09-Jun-2018,jcissenfr@techcrunch.com,482-315-4827,true
Bee,Fishby,22-Sep-2015,bfishbyfs@craigslist.org,375-964-9250,false
Belva,Doore,13-Sep-2003,bdooreft@booking.com,505-258-6761,false
Haskell,Bigrigg,05-Mar-1984,hbigriggfu@wsj.com,430-468-3321,true
Adrianna,Parlett,25-Feb-1999,aparlettfv@java.com,183-947-6901,true
Laurent,Doodson,22-Sep-1982,ldoodsonfw@soup.io,873-442-9863,true
Meredeth,Starte,04-Apr-1987,mstartefx@sciencedaily.com,693-534-5066,true
Agnesse,McLarnon,19-Mar-2011,amclarnonfy@google.com.au,379-670-9659,true
Dav,Chaundy,30-May-1995,dchaundyfz@google.co.uk,937-454-9469,false
Gaven,Tissiman,17-May-2006,gtissimang0@addtoany.com,234-843-9655,true
Sonny,Elmar,08-Apr-2012,selmarg1@barnesandnoble.com,267-531-5011,false
Mireille,Neilands,28-Nov-1993,mneilandsg2@sourceforge.net,762-536-1711,false
Obidiah,Hawkwood,30-Dec-1981,ohawkwoodg3@stumbleupon.com,394-750-3520,false
Modestia,Manchett,03-Jan-2005,mmanchettg4@china.com.cn,487-247-6356,false
Tommie,Oury,28-Dec-1992,touryg5@dyndns.org,299-109-5203,true
Adan,Postians,26-Jul-1984,apostiansg6@live.com,947-305-9184,false
Arabelle,Giacoppoli,21-May-2000,agiacoppolig7@salon.com,223-476-2778,false
Terence,Cordy,18-Oct-1996,tcordyg8@barnesandnoble.com,983-757-0281,false
Jody,Casburn,24-May-1993,jcasburng9@naver.com,634-138-3932,true
Hakeem,Breitler,10-Mar-2012,hbreitlerga@elegantthemes.com,839-491-1817,true
Kendell,Heinzel,05-Jul-2002,kheinzelgb@theguardian.com,336-713-1741,false
Brinna,Stapels,19-Sep-2003,bstapelsgc@europa.eu,159-213-5487,false
Zacharia,Duval,05-Aug-1984,zduvalgd@theatlantic.com,999-111-5674,true
Basilius,Drakeford,23-Jun-1996,bdrakefordge@forbes.com,610-206-1469,false
Shandee,Maldin,27-Nov-2003,smaldingf@de.vu,203-105-7884,false
Lynett,Plover,18-Oct-1981,lplovergg@biblegateway.com,163-737-0289,false
Randi,Odby,18-Jul-2003,rodbygh@squarespace.com,521-404-2607,true
Aile,Boykett,12-Mar-2018,aboykettgi@infoseek.co.jp,539-564-8584,false
Hedda,Jedraszek,31-Mar-1996,hjedraszekgj@auda.org.au,747-375-5127,true
Susi,Matelaitis,18-May-2010,smatelaitisgk@deviantart.com,229-690-3742,false
Kattie,Talbot,06-Feb-2013,ktalbotgl@histats.com,114-309-8598,false
Alisun,Fronczak,10-Dec-1992,afronczakgm@e-recht24.de,460-200-6572,true
Alex,Lawful,18-Sep-1985,alawfulgn@hubpages.com,721-443-9648,true
Manny,Jouannot,06-Mar-2004,mjouannotgo@japanpost.jp,946-868-6099,false
Letta,Argabrite,02-Jun-1986,largabritegp@smh.com.au,683-657-7619,false
Wallace,Prop,13-Nov-2001,wpropgq@hao123.com,963-284-3104,true
Vern,Betancourt,08-Mar-1989,vbetancourtgr@sourceforge.net,310-762-1738,false
Kerrin,Peschmann,28-Apr-2010,kpeschmanngs@phpbb.com,845-157-9625,false
Jacklin,Sebright,29-Jul-1991,jsebrightgt@disqus.com,187-481-5534,true
Moritz,Insull,05-Mar-2006,minsullgu@mozilla.com,549-625-6660,true
Gardie,Loveland,09-Sep-1994,glovelandgv@prweb.com,482-535-5656,false
Archambault,Shewsmith,12-Jun-1984,ashewsmithgw@sohu.com,839-627-5809,false
Malva,Gillhespy,23-May-2013,mgillhespygx@deviantart.com,176-438-9522,false
Hort,Maple,23-Jun-2003,hmaplegy@moonfruit.com,937-762-8954,true
Darb,Iashvili,13-Apr-2010,diashviligz@myspace.com,306-251-0757,false
Cordy,Farncomb,15-Mar-2002,cfarncombh0@cocolog-nifty.com,622-371-6850,false
Joy,Facher,15-Apr-2005,jfacherh1@boston.com,793-752-0408,false
Amby,Storr,25-Jan-2010,astorrh2@amazonaws.com,567-421-2112,false
Florencia,Blaiklock,06-Dec-2003,fblaiklockh3@jugem.jp,675-346-8543,true
Durand,Rastrick,03-Jun-2012,drastrickh4@purevolume.com,242-349-5206,false
Anatola,Torricina,30-Dec-1986,atorricinah5@slashdot.org,955-491-0143,true
Kellyann,Gazey,08-Jul-2002,kgazeyh6@nasa.gov,796-645-8211,true
Elias,Smalecombe,02-Sep-1989,esmalecombeh7@deliciousdays.com,826-372-8126,false
Astrix,Ringsell,01-Aug-2014,aringsellh8@discuz.net,269-386-8872,false
Aubrette,Jodlowski,10-Apr-1999,ajodlowskih9@nytimes.com,116-810-5656,true
Corliss,Filyaev,14-Jul-2003,cfilyaevha@barnesandnoble.com,135-833-0789,false
Raychel,Vanyutin,26-Jan-1982,rvanyutinhb@sina.com.cn,405-816-5990,true
Pietrek,Visco,11-Aug-2011,pviscohc@techcrunch.com,329-104-6292,true
Ami,Coweuppe,18-Feb-1985,acoweuppehd@simplemachines.org,278-850-5077,true
Lucas,Nutty,26-Nov-2010,lnuttyhe@fema.gov,272-220-2431,true
Caprice,MacDonnell,04-Jun-2007,cmacdonnellhf@shareasale.com,841-231-8648,true
Bianca,Oseman,16-Aug-2013,bosemanhg@youku.com,997-322-2011,false
Jdavie,Klimushev,18-Oct-1981,jklimushevhh@mapquest.com,644-268-0575,true
Wenonah,Voaden,07-Aug-1986,wvoadenhi@jimdo.com,532-532-7939,true
Ilene,Baiyle,05-Sep-2011,ibaiylehj@github.io,944-613-2279,false
Marlowe,Grigoryov,26-Sep-1987,mgrigoryovhk@is.gd,860-960-9742,false
Binny,Hargerie,21-Dec-1988,bhargeriehl@mail.ru,995-602-5842,true
Nathanil,Grichukhanov,13-Oct-1993,ngrichukhanovhm@earthlink.net,348-293-4621,true
Josiah,Surridge,11-Aug-2014,jsurridgehn@tmall.com,765-714-6674,false
Leicester,Chaudhry,09-Oct-2014,lchaudhryho@ning.com,397-158-4384,false
Kalli,Roswarn,25-Jul-1994,kroswarnhp@vistaprint.com,482-968-9308,true
Brear,Yedy,26-Jun-1994,byedyhq@com.com,989-737-0024,true
Dulcea,McIlharga,16-Apr-2013,dmcilhargahr@sciencedaily.com,158-615-7739,false
Lindy,Longland,26-Sep-2000,llonglandhs@zdnet.com,411-671-0922,true
Jamal,Smither,05-May-1991,jsmitherht@noaa.gov,639-839-7293,true
Ariela,Spratling,29-Apr-2005,aspratlinghu@shop-pro.jp,396-760-0295,false
Nickie,Itzig,23-Oct-2007,nitzighv@vk.com,653-810-2532,false
Tracey,Valsler,29-Apr-1998,tvalslerhw@shop-pro.jp,214-637-0217,false
Birch,Goldbourn,09-Oct-2008,bgoldbournhx@live.com,702-880-3054,false
Scott,Steet,19-Sep-2002,ssteethy@ustream.tv,754-994-5319,true
Rhonda,Gingles,26-Oct-2003,rgingleshz@nasa.gov,345-751-1054,false
Filberte,Abdy,02-May-1982,fabdyi0@ning.com,665-196-3184,false
Zacharias,Duplock,14-May-2014,zduplocki1@sohu.com,913-305-9528,false
Hartley,Millin,26-May-2017,hmillini2@google.nl,414-829-0114,true
Tania,Amoss,24-Sep-2007,tamossi3@naver.com,221-503-0638,true
King,Skentelbury,12-Apr-1992,kskentelburyi4@unicef.org,790-462-1897,false
Cord,Bousler,13-Nov-2012,cbousleri5@fotki.com,169-873-8970,true
Josey,Swinerd,28-Jul-1983,jswinerdi6@google.ca,677-810-5395,false
Dicky,Perillo,24-Oct-2009,dperilloi7@dedecms.com,804-791-9837,true
Raye,Edge,15-Oct-2003,redgei8@godaddy.com,826-975-7794,true
Aldo,McFarlane,02-Jul-2009,amcfarlanei9@purevolume.com,972-461-2100,true
Glynn,Pennino,30-Apr-1994,gpenninoia@mapquest.com,448-552-6095,true
Renault,Scutchin,07-Oct-2005,rscutchinib@jalbum.net,661-272-1270,true
Bevon,Denyukhin,16-Oct-2011,bdenyukhinic@sun.com,358-188-9821,false
Ciel,Kitcat,30-Oct-2015,ckitcatid@tripod.com,470-184-7587,true
Elyssa,Flarity,02-Jun-1986,eflarityie@networkadvertising.org,970-903-6623,true
Rudolph,McVrone,24-Jul-1988,rmcvroneif@theguardian.com,431-421-6009,true
Danyelle,Fraschetti,11-Jul-1981,dfraschettiig@netlog.com,444-879-7781,false
Casandra,Gavagan,23-Dec-1986,cgavaganih@istockphoto.com,869-696-4159,false
Gwendolen,Aylward,20-Jun-1998,gaylwardii@vk.com,140-608-8026,true
Ailey,Wheelhouse,16-Aug-2010,awheelhouseij@mysql.com,219-503-7953,false
Guthry,Allwright,05-Jul-2012,gallwrightik@goo.gl,294-925-7752,false
Findlay,Coorington,06-Oct-2017,fcooringtonil@meetup.com,437-949-0162,false
Bradney,Hollingsby,16-Jan-2015,bhollingsbyim@godaddy.com,939-535-6939,false
Ad,Gherardi,25-Oct-2016,agherardiin@unblog.fr,423-578-4947,true
Gretal,Itzhayek,20-Feb-2012,gitzhayekio@photobucket.com,785-366-9761,false
Lesley,Sawer,08-Aug-1989,lsawerip@uol.com.br,618-150-5723,true
Avrom,Eggins,26-Oct-1981,aegginsiq@microsoft.com,871-428-2760,false
Christiana,Linturn,04-Mar-1982,clinturnir@infoseek.co.jp,883-934-9456,true
Sheila,Auden,08-Jul-2006,saudenis@weather.com,539-407-0584,false
Davy,Olivella,29-Oct-1988,dolivellait@walmart.com,678-476-4381,false
Thaddeus,McCart,23-May-2009,tmccartiu@weebly.com,544-754-1577,true
Caresse,Munn,08-May-2007,cmunniv@ebay.com,254-137-5616,true
Lorianna,Spittles,17-Mar-1994,lspittlesiw@newyorker.com,560-206-4315,false
Abby,Pidcock,16-Oct-2006,apidcockix@edublogs.org,979-348-2150,false
Aline,Rasmus,27-Nov-2015,arasmusiy@opensource.org,296-294-2434,true
Paddie,Ditchburn,02-Feb-2005,pditchburniz@nydailynews.com,963-221-5916,true
Cristobal,Blaney,04-Sep-2009,cblaneyj0@biblegateway.com,742-749-5280,false
Meara,Jacklings,13-Jul-1995,mjacklingsj1@ning.com,139-247-5030,true
Lee,Littlejohn,13-May-1999,llittlejohnj2@mapy.cz,505-970-1091,false
Katharyn,Domerq,21-May-1982,kdomerqj3@sbwire.com,669-648-8391,true
Becky,Pinilla,26-Apr-2002,bpinillaj4@unblog.fr,764-119-0452,true
Emilie,Hryskiewicz,13-Sep-1984,ehryskiewiczj5@addtoany.com,178-271-2382,true
Oralie,Halegarth,15-Jun-1985,ohalegarthj6@elpais.com,102-759-8691,true
Jamey,Beckles,03-Feb-2017,jbecklesj7@statcounter.com,882-901-6356,false
Mollie,Enocksson,07-May-1991,menockssonj8@usnews.com,829-647-9437,false
Leonie,Merchant,21-Sep-1998,lmerchantj9@1688.com,259-409-3548,false
Jefferson,Arstingall,10-Jun-1983,jarstingallja@kickstarter.com,100-776-1592,false
Bron,Henzley,19-Dec-1982,bhenzleyjb@oaic.gov.au,299-600-0869,false
Arly,Karolowski,18-May-2000,akarolowskijc@gmpg.org,318-889-5578,false
Ber,Fransemai,04-Sep-2009,bfransemaijd@independent.co.uk,241-887-5508,false
Essie,Pfaffel,18-Jun-1996,epfaffelje@usda.gov,203-204-9918,false
Morganica,Sexti,26-May-2015,msextijf@deliciousdays.com,847-356-4609,false
Donaugh,Richly,16-Jan-1993,drichlyjg@indiatimes.com,864-245-7814,true
Ezekiel,Crayden,02-Nov-1984,ecraydenjh@geocities.jp,423-339-2743,true
Linn,Meriet,31-Oct-2006,lmerietji@adobe.com,810-406-0458,false
Bone,Filliskirk,24-Dec-1999,bfilliskirkjj@boston.com,278-116-8209,true
Bonni,O'Calleran,29-Jun-2010,bocalleranjk@engadget.com,735-408-4922,false
Veda,Ogden,08-Dec-1987,vogdenjl@mozilla.com,692-676-0116,true
Armstrong,Ashbolt,27-Mar-2007,aashboltjm@time.com,874-129-5775,false
Thaine,Johananoff,23-Apr-2017,tjohananoffjn@go.com,879-656-3370,true
Georgie,Lett,28-Apr-1986,glettjo@google.de,619-639-9611,true
Augie,Seivertsen,30-Jan-2012,aseivertsenjp@hubpages.com,940-287-5080,false
Jackie,Arnaudin,31-Aug-2013,jarnaudinjq@yale.edu,437-901-9198,false
Joellyn,Winterbotham,26-Mar-1980,jwinterbothamjr@cnet.com,149-748-1756,false
Johnathan,Sycamore,21-Oct-2017,jsycamorejs@usatoday.com,471-154-6038,false
Tobey,Harrow,07-Oct-2005,tharrowjt@over-blog.com,575-961-7691,false
Gordan,Minucci,31-Jan-2007,gminucciju@dmoz.org,816-239-1696,false
Kordula,Wolsey,21-Nov-1998,kwolseyjv@flavors.me,720-775-9431,false
Hynda,Sibun,21-May-1996,hsibunjw@umich.edu,259-934-0070,false
Bianka,Belliss,08-Feb-1994,bbellissjx@fotki.com,430-118-7155,true
Shawn,Kinnen,26-Sep-2001,skinnenjy@facebook.com,694-569-4136,false
Morgun,Kyd,11-Jun-1992,mkydjz@upenn.edu,906-749-3738,true
Erna,Old,26-Aug-1997,eoldk0@alibaba.com,935-221-2830,false
Fritz,Brandon,17-Jan-2016,fbrandonk1@who.int,550-233-5671,true
Koralle,Caselick,05-Nov-2011,kcaselickk2@vimeo.com,711-451-5053,false
Reggie,Piscopo,06-Jul-2005,rpiscopok3@ifeng.com,860-643-8676,false
Joelynn,Munday,26-Oct-2005,jmundayk4@huffingtonpost.com,468-536-5770,false
Melosa,Merwede,28-Mar-1986,mmerwedek5@cbc.ca,332-324-5967,false
Lindie,Culter,09-Sep-1995,lculterk6@drupal.org,283-601-9312,false
Cornell,Peto,20-May-2009,cpetok7@surveymonkey.com,488-206-2945,false
Godiva,Hudel,01-Nov-2005,ghudelk8@ox.ac.uk,190-232-8094,true
Annadiana,Wassell,26-Mar-2007,awassellk9@multiply.com,975-501-5042,false
Ruprecht,Wissby,25-Dec-1999,rwissbyka@samsung.com,726-220-5332,true
Bastien,Aslet,31-Dec-2016,basletkb@ft.com,290-337-9601,true
Ange,Denes,03-May-2013,adeneskc@indiatimes.com,811-481-5098,false
Jerome,Colbron,10-May-1989,jcolbronkd@gravatar.com,257-620-3473,false
Bridgette,Sharphurst,10-Feb-2010,bsharphurstke@google.pl,405-534-1259,true
Mendel,Arthurs,08-Jun-2001,marthurskf@bandcamp.com,635-444-3486,true
Abba,Greschke,20-Aug-2010,agreschkekg@cmu.edu,579-527-8312,true
Karmen,Emons,14-Jul-1983,kemonskh@nymag.com,368-849-4783,false
Tomi,Sanzio,06-Apr-1983,tsanzioki@house.gov,559-596-7961,true
Thelma,Stendell,21-Jul-1998,tstendellkj@bizjournals.com,581-764-9793,false
Ann,McGebenay,22-Aug-2001,amcgebenaykk@printfriendly.com,414-916-5587,false
Christos,Molloy,03-Feb-2012,cmolloykl@mayoclinic.com,161-816-4199,false
Gillan,Buckenham,16-Sep-2008,gbuckenhamkm@bizjournals.com,106-541-4687,false
Junette,Ralph,15-Sep-1987,jralphkn@imgur.com,401-935-1182,false
Siegfried,Gencke,24-Jun-2004,sgenckeko@earthlink.net,269-770-7610,false
Leonanie,Otridge,08-Mar-2005,lotridgekp@disqus.com,442-157-5588,true
Barnett,Hars,02-Sep-2001,bharskq@uiuc.edu,557-481-1273,true
Giovanna,Fergusson,02-Jun-2000,gfergussonkr@hibu.com,910-358-8955,true
Faunie,Kerbler,08-Nov-1991,fkerblerks@bloglovin.com,695-854-5956,false
Jobina,Antalffy,23-Oct-2009,jantalffykt@wisc.edu,702-173-9841,true
Audie,Oxshott,17-Oct-1981,aoxshottku@facebook.com,303-950-1302,false
Elaina,Klugel,16-Feb-2017,eklugelkv@washingtonpost.com,144-737-2780,true
Cordey,Parkeson,23-Jul-1989,cparkesonkw@domainmarket.com,180-638-3873,false
Dacey,Ealden,29-Aug-2012,dealdenkx@google.com.br,136-797-0756,false
Isabella,Murgatroyd,25-Aug-1990,imurgatroydky@soup.io,310-603-8220,true
Maggy,Gaythorpe,24-Aug-2014,mgaythorpekz@independent.co.uk,993-436-2527,false
Barbi,Illsley,12-Jan-1994,billsleyl0@umn.edu,794-444-1317,false
Walton,Laflin,19-Aug-2017,wlaflinl1@independent.co.uk,714-680-1177,true
Dennis,Phear,08-Mar-1996,dphearl2@comsenz.com,234-740-1795,false
Emmanuel,Loade,28-Sep-1983,eloadel3@vistaprint.com,991-214-6447,true
Aili,Pennoni,17-Jul-1994,apennonil4@virginia.edu,970-239-7381,false
Blane,Pugh,03-Nov-1992,bpughl5@telegraph.co.uk,498-841-2240,false
Warner,Ansell,01-Jul-1995,wanselll6@shinystat.com,261-346-4901,true
Aurelie,De Gregario,08-May-2008,adegregariol7@ustream.tv,766-936-5382,true
Tull,Feveryear,06-Feb-2003,tfeveryearl8@princeton.edu,810-139-2117,true
Perla,Purselow,26-Feb-1980,ppurselowl9@chronoengine.com,145-893-5712,false
Eryn,Gossipin,25-Sep-1996,egossipinla@macromedia.com,988-544-1856,false
Arron,Storah,25-May-1999,astorahlb@wufoo.com,897-358-2852,true
Myrwyn,Colton,06-Jun-1994,mcoltonlc@live.com,378-480-1029,true
Danni,Maultby,04-Jan-1983,dmaultbyld@ameblo.jp,101-360-2199,false
Claudio,Reany,01-May-2012,creanyle@wired.com,281-324-5957,true
Iggy,Raffon,25-May-2010,iraffonlf@blog.com,515-547-8830,true
Sax,Raund,21-Nov-1985,sraundlg@free.fr,966-865-0015,false
Valentine,Edmonds,28-May-1988,vedmondslh@google.com.au,631-369-2243,false
Weston,Colvie,03-May-1986,wcolvieli@salon.com,472-531-0075,false
Haley,Ricards,10-Nov-2008,hricardslj@is.gd,402-163-8926,false
Denis,Dunk,02-Feb-2013,ddunklk@exblog.jp,506-511-5648,true
Doretta,Riggert,26-Apr-2016,driggertll@nasa.gov,131-878-5920,false
Cheri,Edmeades,27-Jul-1983,cedmeadeslm@unblog.fr,282-130-5971,true
Giorgio,Peyton,26-Apr-2011,gpeytonln@craigslist.org,878-257-2728,false
Sander,Eates,07-Aug-1996,seateslo@themeforest.net,944-238-7436,true
Pamelina,Morratt,08-Apr-1980,pmorrattlp@princeton.edu,230-863-2624,false
Wolfy,Challenor,07-Apr-2003,wchallenorlq@360.cn,319-332-6947,true
Jo ann,Enriquez,05-Apr-1984,jenriquezlr@bandcamp.com,826-900-1034,true
Charley,Simacek,25-Oct-2006,csimacekls@wp.com,665-951-8352,false
Adiana,Treher,26-Sep-2007,atreherlt@state.gov,201-505-6209,true
Vinnie,Whiscard,01-Jul-1986,vwhiscardlu@ft.com,108-750-2138,false
Fulton,Stockney,15-Jul-1995,fstockneylv@reuters.com,371-511-2644,false
Jeramey,Gumb,22-Dec-2012,jgumblw@nationalgeographic.com,237-818-8683,false
Loren,Pitfield,14-Nov-1983,lpitfieldlx@ftc.gov,747-327-0029,false
Peyton,Strowger,08-Dec-2001,pstrowgerly@soup.io,827-597-9883,false
Clement,Brendish,31-Aug-1995,cbrendishlz@state.gov,560-181-7925,false
Elianora,Quinn,22-Apr-2014,equinnm0@umn.edu,515-188-6871,false
Latashia,Baldoni,08-Nov-2001,lbaldonim1@theglobeandmail.com,479-639-8815,true
Desdemona,Walmsley,24-Feb-1998,dwalmsleym2@dailymail.co.uk,999-206-6496,false
Alwyn,Lagne,11-Sep-2005,alagnem3@people.com.cn,450-763-6537,false
Gerek,Gawthrope,17-Dec-2010,ggawthropem4@nih.gov,709-806-5929,true
Leonanie,Isgar,28-Oct-1987,lisgarm5@deviantart.com,465-409-2974,true
Mathilde,Stennings,02-May-2015,mstenningsm6@deliciousdays.com,567-584-2560,true
Hana,Burchard,29-Sep-2000,hburchardm7@hatena.ne.jp,895-638-9226,true
Paco,Sorsby,18-Jul-1994,psorsbym8@bloglines.com,763-944-4093,false
Cassondra,Filippucci,10-Oct-2010,cfilippuccim9@artisteer.com,574-990-5965,false
Ambrosio,Loyd,23-Feb-2015,aloydma@europa.eu,786-460-5679,true
Beaufort,McGrah,19-Dec-2007,bmcgrahmb@java.com,357-269-9181,false
Brig,Bushrod,10-Sep-2012,bbushrodmc@google.com.br,626-342-2892,true
Penn,Lampens,26-Nov-1990,plampensmd@unicef.org,777-947-7456,true
Sherill,Ivanov,07-Dec-1997,sivanovme@globo.com,981-351-9645,false
Harri,Martensen,22-Oct-2001,hmartensenmf@redcross.org,671-360-3248,false
Camilla,Timblett,05-May-2013,ctimblettmg@vistaprint.com,786-300-6550,true
Jilleen,Plessing,17-Sep-2001,jplessingmh@is.gd,984-196-2176,true
Saul,Yole,07-Jul-2010,syolemi@pen.io,309-207-2636,false
Vinny,Woolger,03-Aug-1996,vwoolgermj@netvibes.com,334-586-1631,false
Miguela,Arundel,15-Jul-1980,marundelmk@va.gov,323-404-8830,true
Ruthann,Medland,17-Apr-1989,rmedlandml@theguardian.com,817-408-5948,true
Maxim,McLucky,26-Feb-1987,mmcluckymm@cmu.edu,851-361-9595,false
Skippy,Cumpton,17-Sep-1982,scumptonmn@yahoo.com,221-218-3062,false
Iseabal,Elloit,23-Nov-2006,ielloitmo@istockphoto.com,993-847-9580,true
Hyacinthie,Marwood,08-Sep-1991,hmarwoodmp@merriam-webster.com,634-313-5841,true
Any,Sedger,17-Feb-1988,asedgermq@go.com,563-505-8331,true
Maisey,Glascott,14-Sep-1989,mglascottmr@illinois.edu,589-632-0057,false
Babbette,Plewes,21-Mar-1985,bplewesms@berkeley.edu,450-413-0803,false
Maury,Allsep,19-Mar-1990,mallsepmt@naver.com,639-517-2323,false
Codi,Truran,03-Feb-1994,ctruranmu@archive.org,484-938-2037,true
Cobb,Chevis,05-Oct-1980,cchevismv@xrea.com,221-311-0902,true
Reginauld,Escoffier,28-Mar-2006,rescoffiermw@columbia.edu,749-253-4047,false
Lana,Jarrelt,20-Oct-1998,ljarreltmx@jigsy.com,825-686-1338,true
Adrien,Digweed,10-Jul-1996,adigweedmy@wisc.edu,391-759-6502,false
Harlin,Vanni,11-Nov-2016,hvannimz@opera.com,946-854-7423,true
Peria,Haddleston,08-Jan-1985,phaddlestonn0@va.gov,432-145-9039,false
Marie-ann,Dismore,26-Apr-2007,mdismoren1@shinystat.com,993-667-5687,false
Llywellyn,Knoton,25-Dec-2012,lknotonn2@kickstarter.com,896-408-9038,false
Jazmin,Wickens,20-Aug-2004,jwickensn3@yandex.ru,818-256-7913,false
Gabriele,Clinton,03-Dec-1983,gclintonn4@washington.edu,767-885-5617,true
Annissa,Tall,13-Dec-2011,atalln5@bigcartel.com,115-500-6629,false
Sully,Bridger,02-Feb-2005,sbridgern6@adobe.com,983-725-5962,false
Jessa,Crosdill,20-Sep-1999,jcrosdilln7@salon.com,854-617-2619,true
Cleon,Struys,21-Feb-2012,cstruysn8@wikimedia.org,673-922-5533,false
Rianon,Vance,27-Jan-2015,rvancen9@thetimes.co.uk,617-258-9138,true
Hercules,Starr,23-Jul-1980,hstarrna@forbes.com,746-534-3112,true
Hilliard,Wiffler,15-Mar-1988,hwifflernb@privacy.gov.au,528-778-4790,false
Kara,Mattam,13-Apr-1998,kmattamnc@home.pl,306-297-7280,true
Renelle,Purcer,15-Jul-2006,rpurcernd@t-online.de,465-454-5761,false
Sindee,Blampy,23-Oct-1988,sblampyne@free.fr,176-877-4102,true
Clarinda,Riste,21-Apr-1984,cristenf@multiply.com,274-988-1312,true
Lucina,MacPadene,23-Aug-2013,lmacpadeneng@apple.com,851-990-1895,true
Neda,Whittam,16-Jan-2009,nwhittamnh@furl.net,633-350-1560,true
Rubia,Blakeney,26-Jun-2000,rblakeneyni@diigo.com,545-471-7112,true
Piotr,Hess,18-Mar-1993,phessnj@vkontakte.ru,852-429-2947,true
Barnebas,Hendriksen,09-Aug-1985,bhendriksennk@comcast.net,715-460-3739,false
Wadsworth,Feechum,04-Jun-2010,wfeechumnl@woothemes.com,665-731-0691,true
Yoko,Biner,12-Feb-1997,ybinernm@fc2.com,995-925-8407,false
Elias,Mouse,18-Feb-2000,emousenn@toplist.cz,772-546-6747,false
Ddene,Bleckly,01-Oct-1989,dblecklyno@loc.gov,192-705-9172,true
Jennie,Godson,07-Oct-2007,jgodsonnp@zimbio.com,487-917-1862,false
Katherine,Thewlis,12-Jul-2014,kthewlisnq@netlog.com,379-415-6125,false
Tanya,Pettegre,29-Nov-1985,tpettegrenr@fc2.com,784-592-9937,false
Griselda,Walkingshaw,02-Mar-2009,gwalkingshawns@opensource.org,587-654-9209,false
Aurelea,Crawford,13-Feb-2001,acrawfordnt@woothemes.com,975-195-3524,true
Hildagard,Wandrach,31-Jul-1991,hwandrachnu@a8.net,941-639-0046,false
Catherine,Detloff,12-Dec-2006,cdetloffnv@tumblr.com,514-753-2041,true
Gizela,Norwell,24-Feb-2016,gnorwellnw@house.gov,710-845-8965,false
Hermy,Gorvette,04-Jan-2000,hgorvettenx@about.com,252-942-2646,false
Eachelle,Poznanski,01-Jul-2003,epoznanskiny@japanpost.jp,617-358-3031,false
Olimpia,Human,24-Jul-1991,ohumannz@google.nl,136-648-2264,false
Guthry,Biford,09-Jul-1999,gbifordo0@google.nl,854-508-5592,false
Kimberly,Jenton,28-Oct-1994,kjentono1@theglobeandmail.com,531-323-5412,false
Brigid,Collister,16-Jan-2018,bcollistero2@typepad.com,949-810-9106,false
Cristi,Pluthero,13-Nov-2013,cplutheroo3@newyorker.com,664-923-4294,true
Maddi,Parradine,03-Jul-2014,mparradineo4@eepurl.com,353-988-6150,true
Wilona,Dene,08-Sep-1983,wdeneo5@lulu.com,603-297-7925,true
Sharona,Takkos,02-Sep-2000,stakkoso6@yahoo.com,426-104-1530,true
Noelle,Chansonne,08-Dec-2003,nchansonneo7@friendfeed.com,358-342-4528,false
Austin,Dunhill,09-Oct-1998,adunhillo8@opera.com,305-471-2597,false
Elsbeth,Romanini,01-Apr-1988,eromaninio9@51.la,670-766-8487,false
Jana,Dannett,17-Sep-2012,jdannettoa@yahoo.co.jp,495-693-6140,false
Nil,Dowding,12-Feb-1982,ndowdingob@unicef.org,809-131-2104,true
Tanhya,Loukes,04-Jun-2009,tloukesoc@google.com.au,575-365-1350,true
Galvin,Vedenyapin,31-Aug-2017,gvedenyapinod@dyndns.org,185-952-2283,false
Pammy,Conlaund,15-Dec-1998,pconlaundoe@usa.gov,111-130-9928,true
Glynnis,Shuttleworth,15-Aug-1986,gshuttleworthof@sciencedaily.com,242-186-7457,false
Roanne,Birkenshaw,27-Aug-1980,rbirkenshawog@list-manage.com,750-644-8607,false
Jesse,Spaight,05-Dec-1984,jspaightoh@mayoclinic.com,859-974-8367,false
Dannie,Peacham,20-Dec-2015,dpeachamoi@taobao.com,983-586-8589,true
Dulcie,Jedrysik,20-Mar-1984,djedrysikoj@digg.com,616-122-9415,true
Derk,Minihane,21-May-2018,dminihaneok@netvibes.com,610-388-4560,true
Renie,Osmund,25-Sep-1981,rosmundol@vkontakte.ru,815-668-9169,true
Katalin,Grimsey,09-Mar-2004,kgrimseyom@ezinearticles.com,324-699-8150,true
Gilles,Healeas,02-Aug-1983,ghealeason@mapquest.com,947-879-6869,false
Marie,Krzyzowski,29-Mar-1981,mkrzyzowskioo@ca.gov,861-969-1809,true
Jeannie,Wallbridge,05-Nov-1985,jwallbridgeop@irs.gov,227-904-7859,false
Simmonds,Slaight,30-Jan-2009,sslaightoq@linkedin.com,451-241-6578,false
Bernard,Ladyman,11-May-1996,bladymanor@stumbleupon.com,447-876-4405,false
Mame,Kinworthy,22-Dec-2003,mkinworthyos@columbia.edu,894-471-2537,true
Xylia,MacKaile,27-Jul-2007,xmackaileot@seesaa.net,338-922-4987,true
Leelah,Ghiraldi,27-Aug-1990,lghiraldiou@engadget.com,874-847-7427,false
Rosabella,Shearn,15-Oct-2015,rshearnov@disqus.com,707-375-0435,false
Denna,Dewbury,12-Jun-1985,ddewburyow@msu.edu,580-498-5551,true
Mandi,Petersen,20-Oct-1994,mpetersenox@posterous.com,562-666-0233,false
Jacquette,Naldrett,31-Oct-1993,jnaldrettoy@fda.gov,479-997-9733,true
Hurleigh,Marquand,06-Aug-1989,hmarquandoz@theguardian.com,495-836-1417,false
Atalanta,Jagg,22-Sep-2013,ajaggp0@usatoday.com,500-449-5475,true
Wilone,Rooze,10-Oct-2002,wroozep1@baidu.com,209-875-3966,true
Sisely,Brinkley,14-Apr-2008,sbrinkleyp2@baidu.com,155-483-1806,false
Aurel,Carmel,08-May-2006,acarmelp3@nba.com,134-610-4752,true
Ilario,Pentlow,18-May-1990,ipentlowp4@addthis.com,392-556-9906,true
Allianora,Cordero,12-Jun-2009,acorderop5@unesco.org,211-452-3790,true
Clywd,Leimster,24-Aug-2015,cleimsterp6@pen.io,364-105-7219,true
Gino,Colisbe,04-Apr-2010,gcolisbep7@ftc.gov,472-834-0047,false
Pall,Durham,18-Jun-1981,pdurhamp8@usnews.com,885-144-1504,false
Mar,Hurnell,05-Sep-2015,mhurnellp9@europa.eu,143-445-6945,true
Michell,Lukacs,27-Aug-2010,mlukacspa@tinypic.com,116-127-2882,false
Gregory,Sowle,08-Sep-2008,gsowlepb@naver.com,341-207-1068,false
Consolata,Radborn,24-Feb-1989,cradbornpc@npr.org,760-793-8899,true
Catriona,MacVaugh,14-Oct-1983,cmacvaughpd@springer.com,991-361-0317,true
Pepe,Richt,20-Oct-2016,prichtpe@huffingtonpost.com,153-976-9494,false
Garrick,Goudge,14-Jan-1989,ggoudgepf@flickr.com,535-810-2628,true
Barrett,Plunkett,26-Aug-1986,bplunkettpg@de.vu,668-614-9671,true
Eda,Erwin,28-Sep-1982,eerwinph@ebay.co.uk,450-325-4016,false
Denice,Ackhurst,17-Mar-2007,dackhurstpi@twitter.com,284-319-8093,false
Thaxter,Greatland,20-Sep-1993,tgreatlandpj@disqus.com,470-242-7416,true
Helyn,Woolsey,14-Dec-1980,hwoolseypk@homestead.com,745-483-2517,true
La verne,Comrie,18-Oct-2002,lcomriepl@pinterest.com,800-316-3783,false
Shep,Gartside,07-Apr-2011,sgartsidepm@bigcartel.com,485-429-6412,false
Upton,Rihosek,12-Jan-2018,urihosekpn@nyu.edu,951-746-6412,false
Erina,Duker,27-Nov-2009,edukerpo@sbwire.com,681-148-2306,true
Jolee,Atthowe,11-Feb-2018,jatthowepp@barnesandnoble.com,223-975-9358,true
Thatch,Allsepp,17-Feb-1982,tallsepppq@de.vu,976-815-5722,false
Gill,Fain,22-Apr-2003,gfainpr@skyrock.com,238-760-3332,false
Huntley,Downage,15-Nov-1988,hdownageps@redcross.org,797-704-9442,false
Cecilio,Stanmore,06-Nov-1984,cstanmorept@squidoo.com,722-364-5237,false
Micki,Trenchard,24-Sep-2008,mtrenchardpu@gov.uk,718-147-0413,true
Cross,Owens,22-May-1996,cowenspv@webeden.co.uk,957-407-9067,true
Robbie,Sher,05-Dec-1988,rsherpw@flavors.me,161-823-4293,false
Alyson,Pheasant,21-Mar-1986,apheasantpx@nymag.com,491-968-9491,true
Rosalinda,Bartoszewicz,03-May-2001,rbartoszewiczpy@free.fr,325-206-2174,false
Liesa,Quincey,28-Nov-2000,lquinceypz@lulu.com,867-744-6217,false
Moshe,Beininck,29-Mar-2017,mbeininckq0@google.it,414-249-5456,false
Briana,Common,21-Nov-2005,bcommonq1@tamu.edu,512-543-6710,false
Jonie,Stanborough,13-Sep-2001,jstanboroughq2@earthlink.net,141-282-4425,false
Helaina,Piddick,28-Mar-2018,hpiddickq3@npr.org,722-385-8586,false
Barry,Loader,01-Sep-2010,bloaderq4@zdnet.com,782-487-8619,true
Jack,Jedrzaszkiewicz,19-Sep-1992,jjedrzaszkiewiczq5@columbia.edu,660-787-3985,false
Webster,Potbury,24-Jan-1982,wpotburyq6@washingtonpost.com,732-124-3191,false
Chelsea,Anstis,17-Dec-2001,canstisq7@chicagotribune.com,925-995-6391,false
Vassili,Othen,22-Nov-2013,vothenq8@blog.com,365-893-3301,true
Denney,Arenson,04-Feb-2015,darensonq9@weather.com,458-187-1807,true
Prissie,Urwin,02-Mar-1987,purwinqa@businessweek.com,475-722-0616,false
Debor,Summerson,27-May-2015,dsummersonqb@github.com,260-995-9937,true
Eryn,Korfmann,22-Apr-1990,ekorfmannqc@harvard.edu,243-146-3570,true
Paddie,Saunder,10-Oct-2004,psaunderqd@toplist.cz,605-938-2929,false
Audrye,Bortoli,22-Oct-2017,abortoliqe@sphinn.com,280-476-0277,true
Danni,Snar,20-Jun-1995,dsnarqf@flavors.me,462-178-3134,false
Ana,D'eye,22-Dec-1994,adeyeqg@ibm.com,219-441-6156,true
Sallyanne,Garmans,06-Nov-1983,sgarmansqh@histats.com,338-407-2676,true
Saraann,Hedin,31-Jan-1997,shedinqi@admin.ch,355-363-7971,false
Sheba,Windous,20-Aug-1998,swindousqj@freewebs.com,402-464-8727,false
Chelsae,Rama,06-Mar-1989,cramaqk@lycos.com,461-587-6918,false
Caesar,Donahue,25-Dec-2015,cdonahueql@a8.net,911-907-8234,false
Gordon,McCrum,08-Feb-2000,gmccrumqm@nifty.com,962-569-4549,false
Dionisio,Di Bartolomeo,04-Dec-1986,ddibartolomeoqn@51.la,699-148-0728,true
Alida,Frantsev,29-Aug-2003,afrantsevqo@sogou.com,682-137-6012,false
Kathryne,Bosma,13-Aug-1985,kbosmaqp@typepad.com,275-909-0898,false
Beniamino,Florio,15-Oct-1985,bflorioqq@sciencedaily.com,880-611-2444,false
Patty,Ord,29-Sep-2005,pordqr@sciencedirect.com,717-163-9919,false
Ginny,Gogie,08-Sep-1994,ggogieqs@forbes.com,180-337-0115,false
Linus,Kittles,08-Feb-2007,lkittlesqt@people.com.cn,683-885-6407,true
Francis,Strangeways,22-Aug-2009,fstrangewaysqu@webmd.com,451-849-3378,false
Brendan,Siggery,02-Oct-1992,bsiggeryqv@spiegel.de,874-256-3711,false
Lea,Yukhnov,06-Apr-2015,lyukhnovqw@msu.edu,790-916-0473,true
Dav,Primmer,20-Jan-1980,dprimmerqx@ftc.gov,299-934-2076,true
Selle,Copestake,03-May-2017,scopestakeqy@columbia.edu,416-321-0043,true
Tobi,Semour,07-Jan-2005,tsemourqz@blogs.com,914-335-1771,false
Rees,Mazzei,23-Jun-1990,rmazzeir0@phpbb.com,457-768-9500,true
Mattheus,Annies,27-Aug-2005,manniesr1@cisco.com,552-499-9285,false
Hyacinth,Walch,09-May-2011,hwalchr2@cdc.gov,807-723-4530,false
Rudolfo,Gorringe,28-Oct-2016,rgorringer3@gov.uk,866-609-7962,false
Averyl,Minnis,26-Jan-2007,aminnisr4@soundcloud.com,307-896-2519,true
Adiana,Gilbane,11-Apr-1993,agilbaner5@auda.org.au,315-848-4359,false
Goldie,Dibner,10-Oct-2003,gdibnerr6@nydailynews.com,764-775-5026,false
Rabi,Bayley,30-Sep-2014,rbayleyr7@blogger.com,180-966-7890,true
Desiree,Cast,03-Apr-2008,dcastr8@acquirethisname.com,728-468-0281,true
Leland,Oldershaw,13-Jul-1984,loldershawr9@liveinternet.ru,454-486-7548,false
June,Beckwith,13-Oct-1985,jbeckwithra@github.io,908-760-9885,false
Randolf,Aguirrezabala,02-Jul-1987,raguirrezabalarb@ebay.com,300-569-8908,true
Fayre,Farr,13-Aug-1996,ffarrrc@jugem.jp,485-489-0880,false
Aubry,Jobling,01-Aug-2016,ajoblingrd@deliciousdays.com,702-407-0428,false
Raphael,Managh,21-Dec-1987,rmanaghre@hud.gov,240-117-8538,true
Findlay,Breitler,24-Nov-2008,fbreitlerrf@clickbank.net,460-491-3287,true
Cross,Iceton,04-Oct-1993,cicetonrg@wufoo.com,189-443-8722,true
Trish,Gilffilland,14-Dec-2004,tgilffillandrh@alexa.com,833-340-2811,true
Morlee,Semkins,02-Jan-1988,msemkinsri@joomla.org,887-554-1067,true
Nathan,Zarfat,20-Apr-1985,nzarfatrj@ustream.tv,536-690-1740,true
Mick,Folkerts,21-Aug-2017,mfolkertsrk@zimbio.com,337-193-5563,true
Doralynne,Argo,17-Sep-2009,dargorl@gov.uk,888-997-5228,true
Adan,Allerton,21-May-2010,aallertonrm@fc2.com,906-722-3800,false
Keri,Skippen,15-Jan-2013,kskippenrn@shareasale.com,172-934-9833,false
Nata,Tunnadine,06-Feb-1998,ntunnadinero@soup.io,795-863-5351,false
Gawen,Evason,21-Apr-1994,gevasonrp@tinypic.com,922-684-3190,true
Leola,Goodred,04-May-1983,lgoodredrq@disqus.com,808-318-1772,true
Jameson,Ferrai,15-Feb-2009,jferrairr@alibaba.com,824-296-8262,true
